BEGIN TRANSACTION;
CREATE TABLE "auth_group" ("id" integer NOT NULL PRIMARY KEY AUTOINCREMENT, "name" varchar(150) NOT NULL UNIQUE);
CREATE TABLE "auth_group_permissions" ("id" integer NOT NULL PRIMARY KEY AUTOINCREMENT, "group_id" integer NOT NULL REFERENCES "auth_group" ("id") DEFERRABLE INITIALLY DEFERRED, "permission_id" integer NOT NULL REFERENCES "auth_permission" ("id") DEFERRABLE INITIALLY DEFERRED);
CREATE TABLE "auth_permission" ("id" integer NOT NULL PRIMARY KEY AUTOINCREMENT, "content_type_id" integer NOT NULL REFERENCES "django_content_type" ("id") DEFERRABLE INITIALLY DEFERRED, "codename" varchar(100) NOT NULL, "name" varchar(255) NOT NULL);
INSERT INTO "auth_permission" VALUES(1,1,'add_logentry','Can add log entry');
INSERT INTO "auth_permission" VALUES(2,1,'change_logentry','Can change log entry');
INSERT INTO "auth_permission" VALUES(3,1,'delete_logentry','Can delete log entry');
INSERT INTO "auth_permission" VALUES(4,1,'view_logentry','Can view log entry');
INSERT INTO "auth_permission" VALUES(5,2,'add_permission','Can add permission');
INSERT INTO "auth_permission" VALUES(6,2,'change_permission','Can change permission');
INSERT INTO "auth_permission" VALUES(7,2,'delete_permission','Can delete permission');
INSERT INTO "auth_permission" VALUES(8,2,'view_permission','Can view permission');
INSERT INTO "auth_permission" VALUES(9,3,'add_group','Can add group');
INSERT INTO "auth_permission" VALUES(10,3,'change_group','Can change group');
INSERT INTO "auth_permission" VALUES(11,3,'delete_group','Can delete group');
INSERT INTO "auth_permission" VALUES(12,3,'view_group','Can view group');
INSERT INTO "auth_permission" VALUES(13,4,'add_user','Can add user');
INSERT INTO "auth_permission" VALUES(14,4,'change_user','Can change user');
INSERT INTO "auth_permission" VALUES(15,4,'delete_user','Can delete user');
INSERT INTO "auth_permission" VALUES(16,4,'view_user','Can view user');
INSERT INTO "auth_permission" VALUES(17,5,'add_contenttype','Can add content type');
INSERT INTO "auth_permission" VALUES(18,5,'change_contenttype','Can change content type');
INSERT INTO "auth_permission" VALUES(19,5,'delete_contenttype','Can delete content type');
INSERT INTO "auth_permission" VALUES(20,5,'view_contenttype','Can view content type');
INSERT INTO "auth_permission" VALUES(21,6,'add_session','Can add session');
INSERT INTO "auth_permission" VALUES(22,6,'change_session','Can change session');
INSERT INTO "auth_permission" VALUES(23,6,'delete_session','Can delete session');
INSERT INTO "auth_permission" VALUES(24,6,'view_session','Can view session');
INSERT INTO "auth_permission" VALUES(25,7,'add_morceau','Can add morceau');
INSERT INTO "auth_permission" VALUES(26,7,'change_morceau','Can change morceau');
INSERT INTO "auth_permission" VALUES(27,7,'delete_morceau','Can delete morceau');
INSERT INTO "auth_permission" VALUES(28,7,'view_morceau','Can view morceau');
INSERT INTO "auth_permission" VALUES(29,8,'add_instrument','Can add instrument');
INSERT INTO "auth_permission" VALUES(30,8,'change_instrument','Can change instrument');
INSERT INTO "auth_permission" VALUES(31,8,'delete_instrument','Can delete instrument');
INSERT INTO "auth_permission" VALUES(32,8,'view_instrument','Can view instrument');
INSERT INTO "auth_permission" VALUES(33,9,'add_style','Can add style');
INSERT INTO "auth_permission" VALUES(34,9,'change_style','Can change style');
INSERT INTO "auth_permission" VALUES(35,9,'delete_style','Can delete style');
INSERT INTO "auth_permission" VALUES(36,9,'view_style','Can view style');
INSERT INTO "auth_permission" VALUES(37,10,'add_news','Can add news');
INSERT INTO "auth_permission" VALUES(38,10,'change_news','Can change news');
INSERT INTO "auth_permission" VALUES(39,10,'delete_news','Can delete news');
INSERT INTO "auth_permission" VALUES(40,10,'view_news','Can view news');
INSERT INTO "auth_permission" VALUES(41,11,'add_config','Can add config');
INSERT INTO "auth_permission" VALUES(42,11,'change_config','Can change config');
INSERT INTO "auth_permission" VALUES(43,11,'delete_config','Can delete config');
INSERT INTO "auth_permission" VALUES(44,11,'view_config','Can view config');
CREATE TABLE "auth_user" ("id" integer NOT NULL PRIMARY KEY AUTOINCREMENT, "password" varchar(128) NOT NULL, "last_login" datetime NULL, "is_superuser" bool NOT NULL, "username" varchar(150) NOT NULL UNIQUE, "last_name" varchar(150) NOT NULL, "email" varchar(254) NOT NULL, "is_staff" bool NOT NULL, "is_active" bool NOT NULL, "date_joined" datetime NOT NULL, "first_name" varchar(150) NOT NULL);
INSERT INTO "auth_user" VALUES(1,'pbkdf2_sha256$600000$G2cTdqpsc8eA5ZDM82btzy$wXvZSeSPyV2OKYGoCUkVxJgFPem9Sk9HrRR2oVkFXD0=','2024-11-22 09:07:12.938093',1,'admin','','francois.senellart@capgemini.com',1,1,'2024-03-26 12:38:21.708152','');
INSERT INTO "auth_user" VALUES(2,'pbkdf2_sha256$600000$6LdAFVWwtMYkYqwCWExexH$hORLSLQdALATrzY85VtlVd2h8SUDrti1mbRHZo/M42U=','2024-03-29 14:46:10.011874',0,'john','','',0,1,'2024-03-29 13:10:44.446530','');
CREATE TABLE "auth_user_groups" ("id" integer NOT NULL PRIMARY KEY AUTOINCREMENT, "user_id" integer NOT NULL REFERENCES "auth_user" ("id") DEFERRABLE INITIALLY DEFERRED, "group_id" integer NOT NULL REFERENCES "auth_group" ("id") DEFERRABLE INITIALLY DEFERRED);
CREATE TABLE "auth_user_user_permissions" ("id" integer NOT NULL PRIMARY KEY AUTOINCREMENT, "user_id" integer NOT NULL REFERENCES "auth_user" ("id") DEFERRABLE INITIALLY DEFERRED, "permission_id" integer NOT NULL REFERENCES "auth_permission" ("id") DEFERRABLE INITIALLY DEFERRED);
CREATE TABLE "django_admin_log" ("id" integer NOT NULL PRIMARY KEY AUTOINCREMENT, "object_id" text NULL, "object_repr" varchar(200) NOT NULL, "action_flag" smallint unsigned NOT NULL CHECK ("action_flag" >= 0), "change_message" text NOT NULL, "content_type_id" integer NULL REFERENCES "django_content_type" ("id") DEFERRABLE INITIALLY DEFERRED, "user_id" integer NOT NULL REFERENCES "auth_user" ("id") DEFERRABLE INITIALLY DEFERRED, "action_time" datetime NOT NULL);
INSERT INTO "django_admin_log" VALUES(1,'1','Ableton Live',1,'[{"added": {}}]',8,1,'2024-03-26 13:53:16.275445');
INSERT INTO "django_admin_log" VALUES(2,'2','Studio One',1,'[{"added": {}}]',8,1,'2024-03-26 13:53:21.954179');
INSERT INTO "django_admin_log" VALUES(3,'3','Cubase',1,'[{"added": {}}]',8,1,'2024-03-26 13:53:31.723432');
INSERT INTO "django_admin_log" VALUES(4,'4','Korg 01W/FD',1,'[{"added": {}}]',8,1,'2024-03-26 13:53:43.752951');
INSERT INTO "django_admin_log" VALUES(5,'1','Pour toi 04:50 - 1998-07-20',1,'[{"added": {}}]',7,1,'2024-03-26 16:10:19.136870');
INSERT INTO "django_admin_log" VALUES(6,'2','john',1,'[{"added": {}}]',4,1,'2024-03-29 13:10:44.978765');
INSERT INTO "django_admin_log" VALUES(7,'1','Electro',1,'[{"added": {}}]',9,1,'2024-04-09 14:28:44.461398');
INSERT INTO "django_admin_log" VALUES(8,'2','Ambient',1,'[{"added": {}}]',9,1,'2024-04-09 14:28:51.654830');
INSERT INTO "django_admin_log" VALUES(9,'3','Classique',1,'[{"added": {}}]',9,1,'2024-04-09 14:29:01.204437');
INSERT INTO "django_admin_log" VALUES(10,'2','Lettre à deux mains 04:10 - 2024-07-20',2,'[{"changed": {"fields": ["Dur\u00e9e du morceau"]}}]',7,1,'2024-04-24 13:27:59.621987');
INSERT INTO "django_admin_log" VALUES(11,'5','Cakewalk None',1,'[{"added": {}}]',8,1,'2024-05-03 13:37:29.695657');
INSERT INTO "django_admin_log" VALUES(12,'6','Audacity None',1,'[{"added": {}}]',8,1,'2024-05-03 13:37:40.045584');
INSERT INTO "django_admin_log" VALUES(13,'7','Kristal Audio Engine None',1,'[{"added": {}}]',8,1,'2024-05-03 13:37:46.919343');
INSERT INTO "django_admin_log" VALUES(14,'8','Bitwig None',1,'[{"added": {}}]',8,1,'2024-05-03 13:38:36.165402');
INSERT INTO "django_admin_log" VALUES(15,'9','Logic Pro None',1,'[{"added": {}}]',8,1,'2024-05-03 13:39:07.535331');
INSERT INTO "django_admin_log" VALUES(16,'10','Reaper None',1,'[{"added": {}}]',8,1,'2024-05-03 13:39:23.450397');
INSERT INTO "django_admin_log" VALUES(17,'11','FL Studio None',1,'[{"added": {}}]',8,1,'2024-05-03 13:40:03.076700');
INSERT INTO "django_admin_log" VALUES(18,'12','Pro Tools None',1,'[{"added": {}}]',8,1,'2024-05-03 13:40:17.340113');
INSERT INTO "django_admin_log" VALUES(19,'3','test 04:00 - 2021-01-07',2,'[{"changed": {"fields": ["Style"]}}]',7,1,'2024-07-22 14:51:10.473927');
INSERT INTO "django_admin_log" VALUES(20,'1','Pour Toi 03:40 - 2024-07-09',2,'[{"changed": {"fields": ["Style"]}}]',7,1,'2024-07-22 14:51:19.607023');
INSERT INTO "django_admin_log" VALUES(21,'1','Electro',1,'[{"added": {}}]',9,1,'2024-07-23 14:58:54.415854');
INSERT INTO "django_admin_log" VALUES(22,'2','Classique',1,'[{"added": {}}]',9,1,'2024-07-23 14:59:01.278906');
INSERT INTO "django_admin_log" VALUES(23,'3','Folk',1,'[{"added": {}}]',9,1,'2024-07-23 14:59:05.940038');
INSERT INTO "django_admin_log" VALUES(24,'4','fdsfsdf sdfsdf - 2020-10-10',3,'',7,1,'2024-07-30 13:26:38.720671');
INSERT INTO "django_admin_log" VALUES(25,'5','qsdqsd sqdqsd - 2020-10-10',2,'[{"changed": {"fields": ["Image file"]}}]',7,1,'2024-07-30 13:59:30.675949');
INSERT INTO "django_admin_log" VALUES(26,'3','Pour toi 3:00 - 2024-07-09',2,'[{"changed": {"fields": ["Image file"]}}]',7,1,'2024-07-30 14:00:59.240937');
INSERT INTO "django_admin_log" VALUES(27,'2','Lettre à deux mains 4:17 - 2024-07-20',2,'[{"changed": {"fields": ["Image file"]}}]',7,1,'2024-07-30 14:01:10.340805');
INSERT INTO "django_admin_log" VALUES(28,'28','retro-city-14099.mp3',2,'[{"changed": {"fields": ["Instrument", "Style"]}}]',7,1,'2024-11-22 17:11:34.060112');
CREATE TABLE "django_content_type" ("id" integer NOT NULL PRIMARY KEY AUTOINCREMENT, "app_label" varchar(100) NOT NULL, "model" varchar(100) NOT NULL);
INSERT INTO "django_content_type" VALUES(1,'admin','logentry');
INSERT INTO "django_content_type" VALUES(2,'auth','permission');
INSERT INTO "django_content_type" VALUES(3,'auth','group');
INSERT INTO "django_content_type" VALUES(4,'auth','user');
INSERT INTO "django_content_type" VALUES(5,'contenttypes','contenttype');
INSERT INTO "django_content_type" VALUES(6,'sessions','session');
INSERT INTO "django_content_type" VALUES(7,'morceaux','morceau');
INSERT INTO "django_content_type" VALUES(8,'morceaux','instrument');
INSERT INTO "django_content_type" VALUES(9,'morceaux','style');
INSERT INTO "django_content_type" VALUES(10,'news','news');
INSERT INTO "django_content_type" VALUES(11,'settings','config');
CREATE TABLE "django_migrations" ("id" integer NOT NULL PRIMARY KEY AUTOINCREMENT, "app" varchar(255) NOT NULL, "name" varchar(255) NOT NULL, "applied" datetime NOT NULL);
INSERT INTO "django_migrations" VALUES(1,'contenttypes','0001_initial','2024-03-26 10:42:36.880176');
INSERT INTO "django_migrations" VALUES(2,'auth','0001_initial','2024-03-26 10:42:36.948501');
INSERT INTO "django_migrations" VALUES(3,'admin','0001_initial','2024-03-26 10:42:36.996652');
INSERT INTO "django_migrations" VALUES(4,'admin','0002_logentry_remove_auto_add','2024-03-26 10:42:37.030728');
INSERT INTO "django_migrations" VALUES(5,'admin','0003_logentry_add_action_flag_choices','2024-03-26 10:42:37.061950');
INSERT INTO "django_migrations" VALUES(6,'contenttypes','0002_remove_content_type_name','2024-03-26 10:42:37.124696');
INSERT INTO "django_migrations" VALUES(7,'auth','0002_alter_permission_name_max_length','2024-03-26 10:42:37.152007');
INSERT INTO "django_migrations" VALUES(8,'auth','0003_alter_user_email_max_length','2024-03-26 10:42:37.183568');
INSERT INTO "django_migrations" VALUES(9,'auth','0004_alter_user_username_opts','2024-03-26 10:42:37.217858');
INSERT INTO "django_migrations" VALUES(10,'auth','0005_alter_user_last_login_null','2024-03-26 10:42:37.254889');
INSERT INTO "django_migrations" VALUES(11,'auth','0006_require_contenttypes_0002','2024-03-26 10:42:37.271824');
INSERT INTO "django_migrations" VALUES(12,'auth','0007_alter_validators_add_error_messages','2024-03-26 10:42:37.297906');
INSERT INTO "django_migrations" VALUES(13,'auth','0008_alter_user_username_max_length','2024-03-26 10:42:37.336240');
INSERT INTO "django_migrations" VALUES(14,'auth','0009_alter_user_last_name_max_length','2024-03-26 10:42:37.376064');
INSERT INTO "django_migrations" VALUES(15,'auth','0010_alter_group_name_max_length','2024-03-26 10:42:37.431826');
INSERT INTO "django_migrations" VALUES(16,'auth','0011_update_proxy_permissions','2024-03-26 10:42:37.456270');
INSERT INTO "django_migrations" VALUES(17,'auth','0012_alter_user_first_name_max_length','2024-03-26 10:42:37.487882');
INSERT INTO "django_migrations" VALUES(18,'sessions','0001_initial','2024-03-26 10:42:37.528652');
INSERT INTO "django_migrations" VALUES(19,'morceaux','0001_initial','2024-03-26 11:15:26.753786');
INSERT INTO "django_migrations" VALUES(20,'morceaux','0002_alter_morceau_mixe_alter_morceau_termine','2024-03-26 13:13:40.192826');
INSERT INTO "django_migrations" VALUES(21,'morceaux','0003_alter_morceau_commentaire_alter_morceau_duree_and_more','2024-03-26 13:32:24.792108');
INSERT INTO "django_migrations" VALUES(22,'morceaux','0004_alter_morceau_commentaire_alter_morceau_duree_and_more','2024-03-26 13:32:24.891393');
INSERT INTO "django_migrations" VALUES(23,'morceaux','0005_alter_morceau_commentaire','2024-03-26 13:32:24.920872');
INSERT INTO "django_migrations" VALUES(24,'morceaux','0006_instrument_alter_morceau_commentaire','2024-03-26 13:46:25.155657');
INSERT INTO "django_migrations" VALUES(25,'morceaux','0007_alter_morceau_liste_instruments','2024-03-26 13:49:36.495228');
INSERT INTO "django_migrations" VALUES(26,'morceaux','0008_alter_morceau_commentaire_alter_morceau_date_debut_and_more','2024-04-09 13:31:01.494813');
INSERT INTO "django_migrations" VALUES(27,'morceaux','0009_style','2024-04-09 14:08:17.449736');
INSERT INTO "django_migrations" VALUES(28,'morceaux','0010_instrument_repertoire_alter_instrument_nom','2024-04-09 14:57:39.573976');
INSERT INTO "django_migrations" VALUES(29,'morceaux','0011_morceau_locked','2024-04-24 12:00:13.919606');
INSERT INTO "django_migrations" VALUES(30,'morceaux','0012_morceau_work_directory','2024-04-30 12:51:41.416527');
INSERT INTO "django_migrations" VALUES(31,'morceaux','0013_alter_morceau_duree','2024-06-03 14:36:35.220791');
INSERT INTO "django_migrations" VALUES(32,'morceaux','0014_morceau_download','2024-07-08 15:12:30.585162');
INSERT INTO "django_migrations" VALUES(33,'morceaux','0015_morceau_music','2024-07-10 09:55:04.363379');
INSERT INTO "django_migrations" VALUES(34,'morceaux','0016_alter_morceau_music','2024-07-10 13:19:35.277112');
INSERT INTO "django_migrations" VALUES(35,'morceaux','0017_morceau_music_file_name_alter_morceau_music','2024-07-11 08:20:56.481197');
INSERT INTO "django_migrations" VALUES(36,'morceaux','0018_rename_music_morceau_music_file_and_more','2024-07-11 12:29:38.924629');
INSERT INTO "django_migrations" VALUES(37,'morceaux','0019_rename_mixe_morceau_finished_and_more','2024-07-11 15:50:27.408378');
INSERT INTO "django_migrations" VALUES(38,'morceaux','0020_morceau_player','2024-07-11 15:58:05.499593');
INSERT INTO "django_migrations" VALUES(39,'morceaux','0021_morceau_style','2024-07-22 14:39:53.690383');
INSERT INTO "django_migrations" VALUES(40,'morceaux','0021_genre_delete_style_morceau_genre','2024-07-23 14:50:58.696317');
INSERT INTO "django_migrations" VALUES(41,'morceaux','0022_rename_genre_style_rename_genre_morceau_style','2024-07-23 14:50:58.759930');
INSERT INTO "django_migrations" VALUES(42,'morceaux','0023_rename_liste_instruments_morceau_instrument','2024-07-23 15:21:16.840494');
INSERT INTO "django_migrations" VALUES(43,'morceaux','0024_alter_morceau_instrument','2024-07-23 15:30:55.211796');
INSERT INTO "django_migrations" VALUES(44,'morceaux','0025_alter_morceau_instrument','2024-07-24 07:52:42.635797');
INSERT INTO "django_migrations" VALUES(45,'morceaux','0026_alter_instrument_options','2024-07-24 09:09:57.255747');
INSERT INTO "django_migrations" VALUES(46,'morceaux','0027_remove_morceau_type_alter_morceau_instrument_and_more','2024-07-24 12:13:31.760929');
INSERT INTO "django_migrations" VALUES(47,'morceaux','0028_morceau_image_file_alter_instrument_nom_and_more','2024-07-26 13:30:41.316748');
INSERT INTO "django_migrations" VALUES(48,'morceaux','0029_remove_morceau_work_directory','2024-07-29 07:46:17.733085');
INSERT INTO "django_migrations" VALUES(49,'morceaux','0030_alter_morceau_image_file_alter_morceau_music_file','2024-07-29 08:46:37.628095');
INSERT INTO "django_migrations" VALUES(50,'morceaux','0031_alter_morceau_image_file','2024-07-29 09:32:28.359162');
INSERT INTO "django_migrations" VALUES(51,'morceaux','0032_alter_morceau_image_file','2024-07-31 12:55:22.539204');
INSERT INTO "django_migrations" VALUES(52,'morceaux','0033_alter_morceau_music_file','2024-08-01 10:07:27.718825');
INSERT INTO "django_migrations" VALUES(53,'news','0001_initial','2024-08-05 09:36:43.713171');
INSERT INTO "django_migrations" VALUES(54,'settings','0001_initial','2024-08-05 09:36:43.723671');
INSERT INTO "django_migrations" VALUES(55,'news','0002_alter_news_date_creation_alter_news_type','2024-08-05 15:16:09.719362');
INSERT INTO "django_migrations" VALUES(56,'news','0003_alter_news_end_publication_and_more','2024-08-07 12:26:28.158286');
INSERT INTO "django_migrations" VALUES(57,'news','0004_remove_news_morceau_news_morceau','2024-08-07 12:53:38.399943');
INSERT INTO "django_migrations" VALUES(58,'news','0005_news_order','2024-08-07 14:00:36.411688');
INSERT INTO "django_migrations" VALUES(59,'settings','0002_config_news_print_creation_date_and_more','2024-08-07 15:03:52.360782');
INSERT INTO "django_migrations" VALUES(60,'news','0006_alter_news_type','2024-08-08 11:38:52.497630');
INSERT INTO "django_migrations" VALUES(61,'settings','0003_config_news_print_sorted_creation_date','2024-08-08 11:38:52.528655');
INSERT INTO "django_migrations" VALUES(62,'news','0007_alter_news_morceau','2024-08-08 14:44:23.281449');
INSERT INTO "django_migrations" VALUES(63,'news','0008_alter_news_morceau','2024-08-08 14:47:28.590674');
INSERT INTO "django_migrations" VALUES(64,'news','0009_alter_news_morceau','2024-08-08 14:53:34.721724');
INSERT INTO "django_migrations" VALUES(65,'news','0010_alter_news_morceau','2024-10-18 16:33:25.813733');
INSERT INTO "django_migrations" VALUES(66,'morceaux','0034_alter_morceau_nom','2024-10-25 13:57:17.447727');
INSERT INTO "django_migrations" VALUES(67,'morceaux','0035_remove_morceau_instrument_remove_morceau_style_and_more','2024-11-22 11:04:21.658132');
INSERT INTO "django_migrations" VALUES(68,'morceaux','0036_alter_morceau_instrument_alter_morceau_style','2024-11-22 11:04:59.660630');
INSERT INTO "django_migrations" VALUES(69,'morceaux','0002_alter_morceau_instrument_alter_morceau_style','2024-11-22 15:07:27.703991');
INSERT INTO "django_migrations" VALUES(70,'morceaux','0003_remove_morceau_instrument_remove_morceau_style_and_more','2024-11-22 15:09:10.837966');
INSERT INTO "django_migrations" VALUES(71,'morceaux','0004_remove_morceau_instrument_remove_morceau_style_and_more','2024-11-22 15:09:50.741635');
INSERT INTO "django_migrations" VALUES(72,'morceaux','0005_remove_morceau_instrument_remove_morceau_style_and_more','2024-11-22 15:23:49.236545');
INSERT INTO "django_migrations" VALUES(73,'morceaux','0006_alter_morceau_image_file_remove_morceau_instrument_and_more','2024-11-22 15:51:40.501629');
INSERT INTO "django_migrations" VALUES(74,'morceaux','0007_alter_morceau_image_file_alter_morceau_instrument_and_more','2024-11-22 16:13:56.937777');
CREATE TABLE "django_session" ("session_key" varchar(40) NOT NULL PRIMARY KEY, "session_data" text NOT NULL, "expire_date" datetime NOT NULL);
INSERT INTO "django_session" VALUES('cqb4kh1xgdxbjkb9bc5ao0ah860rg54q','.eJxVjMEOwiAQRP-FsyG7pCvg0bvfQBYWpWogKe2p8d9tkx70Npn3ZlYVeJlLWHqewijqolCdfrvI6ZXrDuTJ9dF0anWexqh3RR-061uT_L4e7t9B4V62NZNz4DOdge7G8DA4L8mioQwJxTtIgyNHiTAa3AIJGE_AFm1GYVGfL7NVNrI:1rrnM4:Pe_LuffT7xCVQcCqiQ1FSG_S3foyag1sVFY-shjzUeo','2024-04-16 23:15:48.423509');
INSERT INTO "django_session" VALUES('8bochc0ot7a9cek8aw96b6bp8sa3g263','.eJxVjMEOwiAQRP-FsyG7pCvg0bvfQBYWpWogKe2p8d9tkx70Npn3ZlYVeJlLWHqewijqolCdfrvI6ZXrDuTJ9dF0anWexqh3RR-061uT_L4e7t9B4V62NZNz4DOdge7G8DA4L8mioQwJxTtIgyNHiTAa3AIJGE_AFm1GYVGfL7NVNrI:1ruCIz:h7sTWMZ0HkIiW4lpfKcM-ymMxAZjwxbVeftEATUnXhc','2024-04-23 14:18:33.653205');
INSERT INTO "django_session" VALUES('xa6ym2bgu4pekblo8hh32tc94hb35ybd','.eJxVjMEOwiAQRP-FsyG7pCvg0bvfQBYWpWogKe2p8d9tkx70Npn3ZlYVeJlLWHqewijqolCdfrvI6ZXrDuTJ9dF0anWexqh3RR-061uT_L4e7t9B4V62NZNz4DOdge7G8DA4L8mioQwJxTtIgyNHiTAa3AIJGE_AFm1GYVGfL7NVNrI:1rxqfE:ZNzZkSoeHksWocsvwuxWVfZ1qoH6AO4PmZg8CKrPbAg','2024-05-03 16:00:36.490628');
INSERT INTO "django_session" VALUES('4mu8h4c47uq0nq6r2ig3u0277pbwt16y','.eJxVjMEOwiAQRP-FsyG7pCvg0bvfQBYWpWogKe2p8d9tkx70Npn3ZlYVeJlLWHqewijqolCdfrvI6ZXrDuTJ9dF0anWexqh3RR-061uT_L4e7t9B4V62NZNz4DOdge7G8DA4L8mioQwJxTtIgyNHiTAa3AIJGE_AFm1GYVGfL7NVNrI:1s0MFJ:8taHTuQwG0p9ZGO2QxFPqajB4o0A-k8w-tGxpZEG11k','2024-05-10 14:08:13.681459');
INSERT INTO "django_session" VALUES('e4ewk57yogynx2u5kwi0t1d3e569uz26','.eJxVjMEOwiAQRP-FsyG7pCvg0bvfQBYWpWogKe2p8d9tkx70Npn3ZlYVeJlLWHqewijqolCdfrvI6ZXrDuTJ9dF0anWexqh3RR-061uT_L4e7t9B4V62NZNz4DOdge7G8DA4L8mioQwJxTtIgyNHiTAa3AIJGE_AFm1GYVGfL7NVNrI:1s1meT:DHafE-HE_uT0P8UzIt_tJQVsl89-APPsZpKIP5eVUms','2024-05-14 12:32:05.391177');
INSERT INTO "django_session" VALUES('re3bylvz77ab5w5wifr6kuya3w32tv4u','.eJxVjMEOwiAQRP-FsyG7pCvg0bvfQBYWpWogKe2p8d9tkx70Npn3ZlYVeJlLWHqewijqolCdfrvI6ZXrDuTJ9dF0anWexqh3RR-061uT_L4e7t9B4V62NZNz4DOdge7G8DA4L8mioQwJxTtIgyNHiTAa3AIJGE_AFm1GYVGfL7NVNrI:1s6RT0:8WcWltqK6hOuVaMpPevfzpjXFnbAzn_I4crXMDUiVPU','2024-05-27 08:55:30.812094');
INSERT INTO "django_session" VALUES('wvphujspp77iuttz1w8f42m6ppjvn6bb','.eJxVjMEOwiAQRP-FsyG7pCvg0bvfQBYWpWogKe2p8d9tkx70Npn3ZlYVeJlLWHqewijqolCdfrvI6ZXrDuTJ9dF0anWexqh3RR-061uT_L4e7t9B4V62NZNz4DOdge7G8DA4L8mioQwJxTtIgyNHiTAa3AIJGE_AFm1GYVGfL7NVNrI:1sE8pH:C1qiPZ-vt2o3kKRCl-vENK3qze4L9eXV0sL8_cHC1Ec','2024-06-17 14:38:19.311928');
INSERT INTO "django_session" VALUES('wm1ru9cwbzlga1o3naj057gqq1lsoc7z','.eJxVjMEOwiAQRP-FsyG7pCvg0bvfQBYWpWogKe2p8d9tkx70Npn3ZlYVeJlLWHqewijqolCdfrvI6ZXrDuTJ9dF0anWexqh3RR-061uT_L4e7t9B4V62NZNz4DOdge7G8DA4L8mioQwJxTtIgyNHiTAa3AIJGE_AFm1GYVGfL7NVNrI:1sPigU:l5nWbtBgB_Agnt3jeUiXgH9zBfeqz0jHFYOIKzSXZBE','2024-07-19 13:09:06.384186');
INSERT INTO "django_session" VALUES('z40rs7fwe15ksc4epr2my6scig6bhi7m','.eJxVjMEOwiAQRP-FsyG7pCvg0bvfQBYWpWogKe2p8d9tkx70Npn3ZlYVeJlLWHqewijqolCdfrvI6ZXrDuTJ9dF0anWexqh3RR-061uT_L4e7t9B4V62NZNz4DOdge7G8DA4L8mioQwJxTtIgyNHiTAa3AIJGE_AFm1GYVGfL7NVNrI:1sRYM4:mCS58hQHTtmxDsBXPzBZa6gVpICogKwVYGeDVa0Co44','2024-07-24 14:31:36.500903');
INSERT INTO "django_session" VALUES('f252edylo84npzguh2j51k04iotq4wmx','.eJxVjMEOwiAQRP-FsyG7pCvg0bvfQBYWpWogKe2p8d9tkx70Npn3ZlYVeJlLWHqewijqolCdfrvI6ZXrDuTJ9dF0anWexqh3RR-061uT_L4e7t9B4V62NZNz4DOdge7G8DA4L8mioQwJxTtIgyNHiTAa3AIJGE_AFm1GYVGfL7NVNrI:1sZt6w:YIEVakC9l0YMyntlCX37FFjGls4bTN82tgwTajka2b4','2024-08-16 14:18:26.964618');
INSERT INTO "django_session" VALUES('jbt7zx7yr0ygt1345x8jlcprsfqeye65','.eJxVjMEOwiAQRP-FsyG7pCvg0bvfQBYWpWogKe2p8d9tkx70Npn3ZlYVeJlLWHqewijqolCdfrvI6ZXrDuTJ9dF0anWexqh3RR-061uT_L4e7t9B4V62NZNz4DOdge7G8DA4L8mioQwJxTtIgyNHiTAa3AIJGE_AFm1GYVGfL7NVNrI:1t1pw6:mT2t_Fp4JHUPBSlC1gWLeoRWoshFFP5f9qNZY-cnT18','2024-11-01 16:34:46.523490');
INSERT INTO "django_session" VALUES('w5ildyfdrpt8mr4q6fkbbbnlrdm5n5mw','.eJxVjMEOwiAQRP-FsyG7pCvg0bvfQBYWpWogKe2p8d9tkx70Npn3ZlYVeJlLWHqewijqolCdfrvI6ZXrDuTJ9dF0anWexqh3RR-061uT_L4e7t9B4V62NZNz4DOdge7G8DA4L8mioQwJxTtIgyNHiTAa3AIJGE_AFm1GYVGfL7NVNrI:1tEPdA:wgR4xaH0c21d8Vdwe43hJxheROwkM0eYlnSpxiEk0zk','2024-12-06 09:07:12.950288');
CREATE TABLE "morceaux_instrument" ("id" integer NOT NULL PRIMARY KEY AUTOINCREMENT, "repertoire" varchar(250) NULL, "nom" varchar(150) NOT NULL);
INSERT INTO "morceaux_instrument" VALUES(1,'/home/fsenella/compositions','Ableton Live');
INSERT INTO "morceaux_instrument" VALUES(2,'/home/fsenella/tmp/Studio One','Studio One');
INSERT INTO "morceaux_instrument" VALUES(3,NULL,'Cubase');
INSERT INTO "morceaux_instrument" VALUES(4,NULL,'Korg 01W/FD');
INSERT INTO "morceaux_instrument" VALUES(5,'None','Cakewalk');
INSERT INTO "morceaux_instrument" VALUES(6,'None','Audacity');
INSERT INTO "morceaux_instrument" VALUES(7,NULL,'Kristal Audio Engine');
INSERT INTO "morceaux_instrument" VALUES(8,'None','Bitwig');
INSERT INTO "morceaux_instrument" VALUES(9,'None','Logic Pro');
INSERT INTO "morceaux_instrument" VALUES(10,'None','Reaper');
INSERT INTO "morceaux_instrument" VALUES(11,'None','FL Studio');
INSERT INTO "morceaux_instrument" VALUES(12,'None','Pro Tools');
INSERT INTO "morceaux_instrument" VALUES(13,NULL,'AI');
CREATE TABLE "morceaux_morceau" ("id" integer NOT NULL PRIMARY KEY AUTOINCREMENT, "nom" varchar(150) NULL, "duree" varchar(8) NULL, "date_debut" date NULL, "date_fin" date NULL, "commentaire" text NULL, "locked" bool NOT NULL, "finished" bool NOT NULL, "mixed" bool NOT NULL, "documentation" bool NOT NULL, "fichier_documentation" varchar(255) NULL, "support" varchar(20) NULL, "download" bool NOT NULL, "player" bool NOT NULL, "image_file" varchar(100) NULL, "music_file" varchar(100) NULL);
INSERT INTO "morceaux_morceau" VALUES(2,'Lettre à deux mains','3:08','1998-07-04','2024-07-20','dsfsdfdsf',0,1,1,0,'pas encore','CD',1,1,'images/1.jpg','');
INSERT INTO "morceaux_morceau" VALUES(3,'Pour toi','0:23','2024-05-14','2024-07-09','',0,0,0,0,NULL,'1',1,1,'images/3.jpg','');
INSERT INTO "morceaux_morceau" VALUES(5,'okc','','2020-10-10','2020-10-10','ffff',0,0,1,0,NULL,NULL,1,1,'images/3_QNoMHJb.jpg','');
INSERT INTO "morceaux_morceau" VALUES(28,'retro-city-14099.mp3','2:33','2020-10-10','2020-10-10','SUPER',0,0,0,0,NULL,NULL,1,0,'images/20231111_154105.jpg','');
CREATE TABLE "morceaux_morceau_instrument" ("id" integer NOT NULL PRIMARY KEY AUTOINCREMENT, "morceau_id" bigint NOT NULL REFERENCES "morceaux_morceau" ("id") DEFERRABLE INITIALLY DEFERRED, "instrument_id" bigint NOT NULL REFERENCES "morceaux_instrument" ("id") DEFERRABLE INITIALLY DEFERRED);
INSERT INTO "morceaux_morceau_instrument" VALUES(1,28,11);
INSERT INTO "morceaux_morceau_instrument" VALUES(2,28,6);
INSERT INTO "morceaux_morceau_instrument" VALUES(4,5,13);
INSERT INTO "morceaux_morceau_instrument" VALUES(5,3,1);
CREATE TABLE "morceaux_morceau_style" ("id" integer NOT NULL PRIMARY KEY AUTOINCREMENT, "morceau_id" bigint NOT NULL REFERENCES "morceaux_morceau" ("id") DEFERRABLE INITIALLY DEFERRED, "style_id" bigint NOT NULL REFERENCES "morceaux_style" ("id") DEFERRABLE INITIALLY DEFERRED);
INSERT INTO "morceaux_morceau_style" VALUES(4,28,6);
INSERT INTO "morceaux_morceau_style" VALUES(5,28,2);
INSERT INTO "morceaux_morceau_style" VALUES(6,28,3);
INSERT INTO "morceaux_morceau_style" VALUES(7,5,1);
CREATE TABLE "morceaux_style" ("id" integer NOT NULL PRIMARY KEY AUTOINCREMENT, "nom" varchar(200) NOT NULL);
INSERT INTO "morceaux_style" VALUES(1,'Electro');
INSERT INTO "morceaux_style" VALUES(2,'Classique');
INSERT INTO "morceaux_style" VALUES(3,'Folk');
INSERT INTO "morceaux_style" VALUES(6,'Trip-Hop');
CREATE TABLE "news_news" ("id" integer NOT NULL PRIMARY KEY AUTOINCREMENT, "title" varchar(150) NOT NULL, "type" varchar(50) NOT NULL, "comment" text NOT NULL, "date_creation" date NULL, "start_publication" date NULL, "end_publication" date NULL, "activated" bool NOT NULL, "morceau_id" bigint NULL REFERENCES "morceaux_morceau" ("id") DEFERRABLE INITIALLY DEFERRED, "order" integer NOT NULL);
INSERT INTO "news_news" VALUES(1,'Pour Toi 2','New music','','2024-08-06','2024-08-05','2024-08-05',1,3,2);
INSERT INTO "news_news" VALUES(2,'test','Information','Je ne sais pas quoi écrire','2024-08-05','2024-08-05','2024-08-05',1,NULL,1);
INSERT INTO "news_news" VALUES(3,'test4','Information','degouté','2024-10-18','2024-10-18','2024-10-18',0,NULL,1);
CREATE TABLE "settings_config" ("id" integer NOT NULL PRIMARY KEY AUTOINCREMENT, "display_website_name" varchar(50) NOT NULL, "news_print_creation_date" bool NOT NULL, "news_print_last_five_music" bool NOT NULL, "news_print_news_type" bool NOT NULL, "news_print_sorted_creation_date" bool NOT NULL);
CREATE UNIQUE INDEX "auth_group_permissions_group_id_permission_id_0cd325b0_uniq" ON "auth_group_permissions" ("group_id", "permission_id");
CREATE INDEX "auth_group_permissions_group_id_b120cbf9" ON "auth_group_permissions" ("group_id");
CREATE INDEX "auth_group_permissions_permission_id_84c5c92e" ON "auth_group_permissions" ("permission_id");
CREATE UNIQUE INDEX "auth_user_groups_user_id_group_id_94350c0c_uniq" ON "auth_user_groups" ("user_id", "group_id");
CREATE INDEX "auth_user_groups_user_id_6a12ed8b" ON "auth_user_groups" ("user_id");
CREATE INDEX "auth_user_groups_group_id_97559544" ON "auth_user_groups" ("group_id");
CREATE UNIQUE INDEX "auth_user_user_permissions_user_id_permission_id_14a6b632_uniq" ON "auth_user_user_permissions" ("user_id", "permission_id");
CREATE INDEX "auth_user_user_permissions_user_id_a95ead1b" ON "auth_user_user_permissions" ("user_id");
CREATE INDEX "auth_user_user_permissions_permission_id_1fbb5f2c" ON "auth_user_user_permissions" ("permission_id");
CREATE INDEX "django_admin_log_content_type_id_c4bce8eb" ON "django_admin_log" ("content_type_id");
CREATE INDEX "django_admin_log_user_id_c564eba6" ON "django_admin_log" ("user_id");
CREATE UNIQUE INDEX "django_content_type_app_label_model_76bd3d3b_uniq" ON "django_content_type" ("app_label", "model");
CREATE UNIQUE INDEX "auth_permission_content_type_id_codename_01ab375a_uniq" ON "auth_permission" ("content_type_id", "codename");
CREATE INDEX "auth_permission_content_type_id_2f476e4b" ON "auth_permission" ("content_type_id");
CREATE INDEX "django_session_expire_date_a5c62663" ON "django_session" ("expire_date");
CREATE INDEX "news_news_morceau_id_d0c22865" ON "news_news" ("morceau_id");
CREATE UNIQUE INDEX "morceaux_morceau_instrument_morceau_id_instrument_id_1c2907ad_uniq" ON "morceaux_morceau_instrument" ("morceau_id", "instrument_id");
CREATE INDEX "morceaux_morceau_instrument_morceau_id_94cb4662" ON "morceaux_morceau_instrument" ("morceau_id");
CREATE INDEX "morceaux_morceau_instrument_instrument_id_95eb6a1a" ON "morceaux_morceau_instrument" ("instrument_id");
CREATE UNIQUE INDEX "morceaux_morceau_style_morceau_id_style_id_1e41ccc4_uniq" ON "morceaux_morceau_style" ("morceau_id", "style_id");
CREATE INDEX "morceaux_morceau_style_morceau_id_8a0c6a5d" ON "morceaux_morceau_style" ("morceau_id");
CREATE INDEX "morceaux_morceau_style_style_id_e30bede0" ON "morceaux_morceau_style" ("style_id");
DELETE FROM "sqlite_sequence";
INSERT INTO "sqlite_sequence" VALUES('django_migrations',74);
INSERT INTO "sqlite_sequence" VALUES('django_admin_log',28);
INSERT INTO "sqlite_sequence" VALUES('django_content_type',11);
INSERT INTO "sqlite_sequence" VALUES('auth_permission',44);
INSERT INTO "sqlite_sequence" VALUES('auth_group',0);
INSERT INTO "sqlite_sequence" VALUES('auth_user',2);
INSERT INTO "sqlite_sequence" VALUES('morceaux_style',7);
INSERT INTO "sqlite_sequence" VALUES('morceaux_instrument',13);
INSERT INTO "sqlite_sequence" VALUES('news_news',3);
INSERT INTO "sqlite_sequence" VALUES('settings_config',0);
INSERT INTO "sqlite_sequence" VALUES('morceaux_morceau',28);
INSERT INTO "sqlite_sequence" VALUES('morceaux_morceau_instrument',5);
INSERT INTO "sqlite_sequence" VALUES('morceaux_morceau_style',7);
COMMIT;
